{"root":[{"assemblyName":"Sirenix.Serialization","nameSpace":"Sirenix.Serialization","className":"UnitySerializationInitializer","methodName":"InitializeRuntime","loadTypes":1,"isUnityClass":false},{"assemblyName":"Sirenix.Serialization","nameSpace":"Sirenix.Serialization.Utilities","className":"UnityVersion","methodName":"EnsureLoaded","loadTypes":1,"isUnityClass":false},{"assemblyName":"Sirenix.Utilities","nameSpace":"Sirenix.Utilities","className":"UnityVersion","methodName":"EnsureLoaded","loadTypes":1,"isUnityClass":false},{"assemblyName":"Assembly-CSharp","nameSpace":"TriLibCore","className":"RuntimeInitialization","methodName":"Initialize","loadTypes":0,"isUnityClass":false},{"assemblyName":"Assembly-CSharp","nameSpace":"Battlehub.RTSL","className":"TypeMapCreator","methodName":"Register","loadTypes":4,"isUnityClass":false},{"assemblyName":"Assembly-CSharp","nameSpace":"Battlehub.RTSL","className":"TypeModelCreator","methodName":"Register","loadTypes":4,"isUnityClass":false},{"assemblyName":"Assembly-CSharp","nameSpace":"Battlehub.RTEditor","className":"EditorsMapCreator","methodName":"Register","loadTypes":4,"isUnityClass":false},{"assemblyName":"Battlehub.RTEditor.Demo","nameSpace":"Battlehub","className":"RegisterAssembly","methodName":"Initialize","loadTypes":4,"isUnityClass":false},{"assemblyName":"Battlehub.RTEditor","nameSpace":"Battlehub","className":"BHRoot","methodName":"RegisterAssembly","loadTypes":4,"isUnityClass":false},{"assemblyName":"Battlehub.RTEditor","nameSpace":"Battlehub.RTSL","className":"RTSLDeps","methodName":"Init","loadTypes":1,"isUnityClass":false},{"assemblyName":"Battlehub.RTEditor","nameSpace":"Battlehub.RTEditor","className":"RTEDeps","methodName":"Init","loadTypes":1,"isUnityClass":false},{"assemblyName":"Battlehub.RTEditor","nameSpace":"Battlehub.RTCommon","className":"RTEBase","methodName":"Init","loadTypes":1,"isUnityClass":false},{"assemblyName":"Battlehub.RTExtensions","nameSpace":"Battlehub","className":"RegisterAssembly","methodName":"Initialize","loadTypes":4,"isUnityClass":false},{"assemblyName":"Unity.InputSystem","nameSpace":"UnityEngine.InputSystem","className":"InputSystem","methodName":"RunInitializeInPlayer","loadTypes":4,"isUnityClass":true},{"assemblyName":"Unity.InputSystem","nameSpace":"UnityEngine.InputSystem","className":"InputSystem","methodName":"RunInitialUpdate","loadTypes":1,"isUnityClass":true},{"assemblyName":"Unity.VisualScripting.Core","nameSpace":"Unity.VisualScripting","className":"RuntimeVSUsageUtility","methodName":"RuntimeInitializeOnLoadBeforeSceneLoad","loadTypes":1,"isUnityClass":true}]}
